"iwaid","iwatitle","adoption_rate","number_observations","","","","","","","","","","","","","","","","","","","","","",""
"4.A.2.b.2.I21","Develop models of systems, processes, or products.","55.5%","41","","","","","","","","","","","","","","","","","","","","","",""
"4.A.2.b.2.I03","Develop business or marketing plans.","52.1%","88","","","","","","","","","","","","","","","","","","","","","",""
"4.A.2.a.4.I12","Analyze performance of systems or equipment.","51.8%","222","","","","","","","","","","","","","","","","","","","","","",""
"4.A.2.a.4.I08","Research laws, precedents, or other legal data.","50.1%","31","","","","","","","","","","","","","","","","","","","","","",""
"4.A.2.a.1.I10","Evaluate project feasibility.","49.8%","28","","","","","","","","","","","","","","","","","","","","","",""
"4.A.1.a.1.I22","Investigate organizational or operational problems.","49.7%","42","","","","","","","","","","","","","","","","","","","","","",""
"4.A.2.b.2.I02","Design computer or information systems or applications.","48.4%","1140","","","","","","","","","","","","","","","","","","","","","",""
"4.A.2.a.4.I04","Analyze scientific or applied data using mathematical principles.","46.9%","267","","","","","","","","","","","","","","","","","","","","","",""
"4.A.2.a.4.I02","Analyze market or industry conditions.","46.3%","71","","","","","","","","","","","","","","","","","","","","","",""
"4.A.1.a.1.I17","Obtain formal documentation or authorization.","45.5%","49","","","","","","","","","","","","","","","","","","","","","",""
"4.A.2.a.4.I07","Analyze data to improve operations.","45.3%","1177","","","","","","","","","","","","","","","","","","","","","",""
"4.A.2.b.1.I07","Edit written materials or documents.","45.1%","43","","","","","","","","","","","","","","","","","","","","","",""
"4.A.4.b.4.I07","Manage human resources activities.","44.8%","330","","","","","","","","","","","","","","","","","","","","","",""
"4.A.2.a.4.I03","Analyze business or financial risks.","43.8%","49","","","","","","","","","","","","","","","","","","","","","",""
"4.A.1.a.1.I05","Consult legal materials or public records.","43.1%","88","","","","","","","","","","","","","","","","","","","","","",""
"4.A.2.b.1.I09","Implement procedures or processes.","41.6%","350","","","","","","","","","","","","","","","","","","","","","",""
"4.A.3.b.1.I04","Resolve computer problems.","41.6%","423","","","","","","","","","","","","","","","","","","","","","",""
"4.A.2.b.4.I03","Develop operational or technical procedures or standards.","41.5%","344","","","","","","","","","","","","","","","","","","","","","",""
"4.A.3.b.6.I01","Prepare financial documents, reports, or budgets.","41.2%","538","","","","","","","","","","","","","","","","","","","","","",""
"4.A.4.a.7.I03","Resolve personnel or operational problems.","40.3%","485","","","","","","","","","","","","","","","","","","","","","",""
"4.A.2.b.4.I01","Develop organizational policies, systems, or processes.","40.2%","701","","","","","","","","","","","","","","","","","","","","","",""
"4.A.2.b.2.I07","Develop technical specifications for products or operations.","39.8%","233","","","","","","","","","","","","","","","","","","","","","",""
"4.A.4.b.4.I06","Direct scientific or technical activities.","39.4%","233","","","","","","","","","","","","","","","","","","","","","",""
"4.A.2.b.2.I27","Develop organizational or program goals or objectives.","38.8%","244","","","","","","","","","","","","","","","","","","","","","",""
"4.A.1.b.2.I08","Test performance of computer or information systems.","38.8%","134","","","","","","","","","","","","","","","","","","","","","",""
"4.A.4.a.2.I09","Communicate with others about specifications or project details.","38.7%","322","","","","","","","","","","","","","","","","","","","","","",""
"4.A.3.b.6.I03","Present research or technical information.","38.5%","294","","","","","","","","","","","","","","","","","","","","","",""
"4.A.1.a.1.I06","Gather data about operational or development activities.","38.5%","87","","","","","","","","","","","","","","","","","","","","","",""
"4.A.1.b.2.I11","Test sites or materials for environmental hazards.","37.9%","67","","","","","","","","","","","","","","","","","","","","","",""
"4.A.2.a.4.I11","Analyze business or financial data.","36.9%","612","","","","","","","","","","","","","","","","","","","","","",""
"4.A.2.b.2.I12","Develop marketing or promotional materials.","36.3%","51","","","","","","","","","","","","","","","","","","","","","",""
"4.A.2.b.2.I06","Design databases.","36.2%","129","","","","","","","","","","","","","","","","","","","","","",""
"4.A.4.a.1.I04","Explain financial information.","35.6%","83","","","","","","","","","","","","","","","","","","","","","",""
"4.A.3.b.6.I12","Prepare informational or instructional materials.","35.3%","545","","","","","","","","","","","","","","","","","","","","","",""
"4.A.3.b.6.I09","Document technical designs, procedures, or activities.","35.2%","267","","","","","","","","","","","","","","","","","","","","","",""
"4.A.1.a.1.I04","Gather information from physical or electronic sources.","35.1%","122","","","","","","","","","","","","","","","","","","","","","",""
"4.A.3.b.6.I16","Write material for artistic or commercial purposes.","35.0%","95","","","","","","","","","","","","","","","","","","","","","",""
"4.A.4.b.4.I03","Coordinate artistic or entertainment activities.","34.4%","198","","","","","","","","","","","","","","","","","","","","","",""
"4.A.4.b.6.I04","Advise others on the design or use of technologies.","34.3%","325","","","","","","","","","","","","","","","","","","","","","",""
"4.A.3.a.2.I22","Position tools or equipment.","34.1%","46","","","","","","","","","","","","","","","","","","","","","",""
"4.A.3.b.6.I15","Prepare reports of operational or procedural activities.","34.0%","325","","","","","","","","","","","","","","","","","","","","","",""
"4.A.3.b.1.I02","Implement security measures for computer or information systems.","33.7%","208","","","","","","","","","","","","","","","","","","","","","",""
"4.A.1.a.1.I21","Investigate incidents or accidents.","33.5%","50","","","","","","","","","","","","","","","","","","","","","",""
"4.A.1.a.1.I09","Research organizational behavior, processes, or performance.","33.2%","22","","","","","","","","","","","","","","","","","","","","","",""
"4.A.3.b.1.I01","Program computer systems or production equipment.","33.2%","92","","","","","","","","","","","","","","","","","","","","","",""
"4.A.3.b.1.I03","Set up computer systems, networks, or other information systems.","32.6%","94","","","","","","","","","","","","","","","","","","","","","",""
"4.A.3.a.3.I05","Operate audiovisual or related equipment.","32.2%","26","","","","","","","","","","","","","","","","","","","","","",""
"4.A.4.a.2.I11","Coordinate activities with clients, agencies, or organizations.","31.9%","306","","","","","","","","","","","","","","","","","","","","","",""
"4.A.2.b.2.I24","Design electrical or electronic systems or equipment.","31.8%","27","","","","","","","","","","","","","","","","","","","","","",""
"4.A.4.b.4.I12","Direct organizational operations, activities, or procedures.","31.6%","2269","","","","","","","","","","","","","","","","","","","","","",""
"4.A.1.a.1.I20","Research technology designs or applications.","31.5%","72","","","","","","","","","","","","","","","","","","","","","",""
"4.A.4.a.1.I02","Explain regulations, policies, or procedures.","31.5%","385","","","","","","","","","","","","","","","","","","","","","",""
"4.A.2.a.1.I02","Evaluate programs, practices, or processes.","31.3%","135","","","","","","","","","","","","","","","","","","","","","",""
"4.A.3.a.3.I09","Operate laboratory or field equipment.","31.2%","41","","","","","","","","","","","","","","","","","","","","","",""
"4.A.2.b.1.I08","Determine resource needs of projects or operations.","31.1%","408","","","","","","","","","","","","","","","","","","","","","",""
"4.A.1.a.2.I08","Monitor external affairs, trends, or events.","30.7%","81","","","","","","","","","","","","","","","","","","","","","",""
"4.A.3.b.6.I07","Prepare proposals or grant applications.","30.5%","57","","","","","","","","","","","","","","","","","","","","","",""
"4.A.4.b.6.I05","Advise others on business or operational matters.","30.5%","318","","","","","","","","","","","","","","","","","","","","","",""
"4.A.2.a.1.I09","Evaluate condition of financial assets, property, or other resources.","30.2%","92","","","","","","","","","","","","","","","","","","","","","",""
"4.A.3.a.2.I21","Apply hygienic or cosmetic agents to skin or hair.","30.0%","33","","","","","","","","","","","","","","","","","","","","","",""
"4.A.4.a.2.I10","Signal others to coordinate work activities.","29.9%","84","","","","","","","","","","","","","","","","","","","","","",""
"4.A.2.b.2.I18","Create visual designs or displays.","29.8%","250","","","","","","","","","","","","","","","","","","","","","",""
"4.A.2.b.2.I15","Develop educational programs, plans, or procedures.","29.6%","274","","","","","","","","","","","","","","","","","","","","","",""
"4.A.2.a.4.I05","Evaluate designs, specifications, or other technical data.","29.5%","81","","","","","","","","","","","","","","","","","","","","","",""
"4.A.4.a.2.I06","Communicate with others about business strategies.","29.4%","238","","","","","","","","","","","","","","","","","","","","","",""
"4.A.4.a.7.I01","Mediate disputes.","29.3%","45","","","","","","","","","","","","","","","","","","","","","",""
"4.A.4.b.4.I09","Manage budgets or finances.","29.1%","788","","","","","","","","","","","","","","","","","","","","","",""
"4.A.4.b.4.I04","Manage agricultural or forestry operations.","29.0%","34","","","","","","","","","","","","","","","","","","","","","",""
"4.A.3.b.6.I14","Prepare legal or regulatory documents.","28.5%","355","","","","","","","","","","","","","","","","","","","","","",""
"4.A.2.a.2.I03","Compile records, documentation, or other data.","28.5%","388","","","","","","","","","","","","","","","","","","","","","",""
"4.A.2.a.1.I04","Evaluate personnel capabilities or performance.","28.2%","410","","","","","","","","","","","","","","","","","","","","","",""
"4.A.3.b.1.I06","Process digital or online data.","27.9%","419","","","","","","","","","","","","","","","","","","","","","",""
"4.A.1.b.1.I02","Identify business or organizational opportunities.","27.8%","135","","","","","","","","","","","","","","","","","","","","","",""
"4.A.1.b.3.I04","Assess characteristics of land or property.","27.6%","23","","","","","","","","","","","","","","","","","","","","","",""
"4.A.2.b.2.I22","Develop news, entertainment, or artistic content.","27.5%","23","","","","","","","","","","","","","","","","","","","","","",""
"4.A.4.a.6.I03","Promote products, services, or programs.","27.5%","260","","","","","","","","","","","","","","","","","","","","","",""
"4.A.2.b.3.I01","Maintain current knowledge in area of expertise.","27.4%","545","","","","","","","","","","","","","","","","","","","","","",""
"4.A.4.b.6.I02","Advise others on products or services.","27.0%","469","","","","","","","","","","","","","","","","","","","","","",""
"4.A.2.b.2.I19","Develop contingency or emergency response plans.","26.9%","184","","","","","","","","","","","","","","","","","","","","","",""
"4.A.3.a.2.I28","Create decorative objects or parts of objects.","26.8%","24","","","","","","","","","","","","","","","","","","","","","",""
"4.A.3.a.2.I46","Set up equipment.","26.6%","38","","","","","","","","","","","","","","","","","","","","","",""
"4.A.4.a.4.I01","Develop professional relationships or networks.","26.4%","196","","","","","","","","","","","","","","","","","","","","","",""
"4.A.4.b.5.I01","Coach others.","26.3%","24","","","","","","","","","","","","","","","","","","","","","",""
"4.A.1.a.2.I10","Monitor operation of computer or information technologies.","26.0%","130","","","","","","","","","","","","","","","","","","","","","",""
"4.A.3.b.6.I13","Prepare documentation for contracts, applications, or permits.","25.6%","339","","","","","","","","","","","","","","","","","","","","","",""
"4.A.4.b.4.I10","Direct construction or extraction activities.","25.1%","307","","","","","","","","","","","","","","","","","","","","","",""
"4.A.4.a.7.I02","Negotiate contracts or agreements.","24.9%","306","","","","","","","","","","","","","","","","","","","","","",""
"4.A.3.a.3.I03","Operate construction or excavation equipment.","24.6%","23","","","","","","","","","","","","","","","","","","","","","",""
"4.A.2.a.1.I05","Evaluate production inputs or outputs.","24.5%","281","","","","","","","","","","","","","","","","","","","","","",""
"4.A.3.b.4.I04","Maintain electronic, computer, or other technical equipment.","24.3%","133","","","","","","","","","","","","","","","","","","","","","",""
"4.A.2.b.2.I01","Develop patient or client care or treatment plans.","24.1%","136","","","","","","","","","","","","","","","","","","","","","",""
"4.A.2.b.2.I25","Create artistic designs or performances.","24.1%","91","","","","","","","","","","","","","","","","","","","","","",""
"4.A.4.b.6.I11","Advise others on financial matters.","23.7%","228","","","","","","","","","","","","","","","","","","","","","",""
"4.A.2.b.1.I02","Diagnose system or equipment problems.","23.6%","41","","","","","","","","","","","","","","","","","","","","","",""
"4.A.4.a.6.I02","Sell products or services.","23.5%","177","","","","","","","","","","","","","","","","","","","","","",""
"4.A.4.b.4.I16","Direct legal activities.","23.4%","32","","","","","","","","","","","","","","","","","","","","","",""
"4.A.2.a.3.I04","Follow standard healthcare safety procedures to protect patient and staff members.","23.4%","25","","","","","","","","","","","","","","","","","","","","","",""
"4.A.1.a.2.I11","Monitor operations to ensure compliance with regulations or standards.","23.4%","326","","","","","","","","","","","","","","","","","","","","","",""
"4.A.1.a.1.I14","Collect data about consumer needs or opinions.","23.3%","473","","","","","","","","","","","","","","","","","","","","","",""
"4.A.4.b.4.I13","Assign work to others.","23.1%","534","","","","","","","","","","","","","","","","","","","","","",""
"4.A.2.a.1.I03","Assess student capabilities, needs, or performance.","22.3%","651","","","","","","","","","","","","","","","","","","","","","",""
"4.A.2.a.1.I07","Evaluate the characteristics, usefulness, or performance of products or technologies.","22.3%","92","","","","","","","","","","","","","","","","","","","","","",""
"4.A.4.b.3.I05","Train others to use equipment or products.","22.2%","163","","","","","","","","","","","","","","","","","","","","","",""
"4.A.4.b.6.I08","Advise others on legal or regulatory matters.","22.1%","137","","","","","","","","","","","","","","","","","","","","","",""
"4.A.4.a.2.I03","Communicate with others about operational plans or activities.","22.1%","1357","","","","","","","","","","","","","","","","","","","","","",""
"4.A.2.b.1.I03","Authorize business activities or transactions.","21.8%","129","","","","","","","","","","","","","","","","","","","","","",""
"4.A.2.b.5.I02","Schedule operational activities.","21.7%","78","","","","","","","","","","","","","","","","","","","","","",""
"4.A.1.a.2.I09","Monitor environmental conditions.","21.6%","43","","","","","","","","","","","","","","","","","","","","","",""
"4.A.1.b.2.I03","Test characteristics of materials or products.","21.6%","91","","","","","","","","","","","","","","","","","","","","","",""
"4.A.4.a.8.I01","Present arts or entertainment performances.","21.6%","137","","","","","","","","","","","","","","","","","","","","","",""
"4.A.4.b.3.I02","Teach academic or vocational subjects.","21.6%","760","","","","","","","","","","","","","","","","","","","","","",""
"4.A.4.c.2.I01","Perform recruiting or hiring activities.","21.2%","408","","","","","","","","","","","","","","","","","","","","","",""
"4.A.2.a.2.I01","Evaluate the quality or accuracy of data.","21.2%","441","","","","","","","","","","","","","","","","","","","","","",""
"4.A.3.b.1.I05","Operate computer systems or computerized equipment.","21.1%","144","","","","","","","","","","","","","","","","","","","","","",""
"4.A.4.a.2.I07","Collaborate in the development of educational programs.","21.1%","59","","","","","","","","","","","","","","","","","","","","","",""
"4.A.2.a.3.I03","Examine financial activities, operations, or systems.","20.9%","89","","","","","","","","","","","","","","","","","","","","","",""
"4.A.4.c.2.I02","Perform human resources activities.","20.8%","119","","","","","","","","","","","","","","","","","","","","","",""
"4.A.2.b.2.I04","Develop recipes or menus.","20.7%","36","","","","","","","","","","","","","","","","","","","","","",""
"4.A.4.a.2.I04","Coordinate with others to resolve problems.","20.4%","144","","","","","","","","","","","","","","","","","","","","","",""
"4.A.1.a.2.I03","Monitor financial data or activities.","20.4%","431","","","","","","","","","","","","","","","","","","","","","",""
"4.A.4.c.3.I03","Distribute materials, supplies, or resources.","20.3%","166","","","","","","","","","","","","","","","","","","","","","",""
"4.A.1.a.1.I01","Study details of artistic productions.","20.3%","101","","","","","","","","","","","","","","","","","","","","","",""
"4.A.4.b.6.I06","Advise others on healthcare or wellness issues.","20.0%","31","","","","","","","","","","","","","","","","","","","","","",""
"4.A.4.c.3.I07","Monitor resources or inventories.","19.9%","110","","","","","","","","","","","","","","","","","","","","","",""
"4.A.1.b.2.I10","Inspect characteristics or conditions of materials or products.","19.8%","131","","","","","","","","","","","","","","","","","","","","","",""
"4.A.4.a.1.I01","Explain technical details of products or services.","19.7%","362","","","","","","","","","","","","","","","","","","","","","",""
"4.A.3.b.6.I08","Maintain operational records.","19.6%","1343","","","","","","","","","","","","","","","","","","","","","",""
"4.A.3.a.2.I19","Disassemble equipment.","19.4%","51","","","","","","","","","","","","","","","","","","","","","",""
"4.A.2.b.1.I04","Determine operational methods or procedures.","19.3%","172","","","","","","","","","","","","","","","","","","","","","",""
"4.A.3.a.2.I32","Set up classrooms, facilities, educational materials, or equipment.","18.8%","364","","","","","","","","","","","","","","","","","","","","","",""
"4.A.2.b.1.I01","Determine values or prices of goods or services.","18.4%","444","","","","","","","","","","","","","","","","","","","","","",""
"4.A.3.a.3.I04","Operate medical equipment.","18.1%","107","","","","","","","","","","","","","","","","","","","","","",""
"4.A.4.b.4.I01","Supervise personnel activities.","17.9%","1083","","","","","","","","","","","","","","","","","","","","","",""
"4.A.3.a.2.I20","Install commercial or production equipment.","17.8%","52","","","","","","","","","","","","","","","","","","","","","",""
"4.A.4.b.3.I04","Train others on operational or work procedures.","17.8%","571","","","","","","","","","","","","","","","","","","","","","",""
"4.A.1.a.1.I02","Read documents or materials to inform work processes.","17.7%","615","","","","","","","","","","","","","","","","","","","","","",""
"4.A.3.a.2.I41","Position materials or components for assembly.","17.7%","215","","","","","","","","","","","","","","","","","","","","","",""
"4.A.1.a.2.I01","Monitor equipment operation.","17.7%","227","","","","","","","","","","","","","","","","","","","","","",""
"4.A.2.a.4.I10","Analyze biological or chemical substances or related data.","17.3%","34","","","","","","","","","","","","","","","","","","","","","",""
"4.A.4.c.1.I01","Perform administrative or clerical activities.","17.2%","177","","","","","","","","","","","","","","","","","","","","","",""
"4.A.2.b.6.I02","Plan work activities.","17.2%","82","","","","","","","","","","","","","","","","","","","","","",""
"4.A.3.a.2.I09","Adjust equipment to ensure adequate performance.","17.2%","206","","","","","","","","","","","","","","","","","","","","","",""
"4.A.2.b.2.I05","Develop safety standards, policies, or procedures.","17.1%","330","","","","","","","","","","","","","","","","","","","","","",""
"4.A.4.a.2.I12","Discuss legal matters with clients, disputants, or legal professionals or staff.","17.0%","69","","","","","","","","","","","","","","","","","","","","","",""
"4.A.4.b.6.I07","Advise others on educational or vocational matters.","16.6%","269","","","","","","","","","","","","","","","","","","","","","",""
"4.A.4.a.8.I03","Respond to customer problems or inquiries.","16.5%","1363","","","","","","","","","","","","","","","","","","","","","",""
"4.A.4.a.3.I03","Provide information to guests, clients, or customers.","16.4%","687","","","","","","","","","","","","","","","","","","","","","",""
"4.A.4.a.2.I05","Confer with healthcare or other professionals about patient care.","16.4%","266","","","","","","","","","","","","","","","","","","","","","",""
"4.A.3.b.6.I02","Record information about legal matters.","16.2%","106","","","","","","","","","","","","","","","","","","","","","",""
"4.A.1.a.2.I02","Monitor operations to ensure adequate performance.","15.5%","473","","","","","","","","","","","","","","","","","","","","","",""
"4.A.4.a.3.I02","Provide information or assistance to the public.","15.5%","73","","","","","","","","","","","","","","","","","","","","","",""
"4.A.1.a.2.I06","Monitor individual behavior or performance.","15.4%","1017","","","","","","","","","","","","","","","","","","","","","",""
"4.A.4.a.1.I05","Explain medical information to patients or family members.","15.4%","96","","","","","","","","","","","","","","","","","","","","","",""
"4.A.4.b.3.I01","Teach life skills.","15.4%","134","","","","","","","","","","","","","","","","","","","","","",""
"4.A.2.a.4.I06","Analyze health or medical data.","15.4%","97","","","","","","","","","","","","","","","","","","","","","",""
"4.A.1.a.1.I12","Collect information about patients or clients.","15.3%","118","","","","","","","","","","","","","","","","","","","","","",""
"4.A.1.b.2.I04","Inspect vehicles.","15.2%","149","","","","","","","","","","","","","","","","","","","","","",""
"4.A.1.b.3.I01","Measure physical characteristics of materials, products, or equipment.","15.0%","392","","","","","","","","","","","","","","","","","","","","","",""
"4.A.1.b.1.I01","Mark materials or objects for identification.","15.0%","140","","","","","","","","","","","","","","","","","","","","","",""
"4.A.1.b.3.I03","Calculate financial data.","14.9%","67","","","","","","","","","","","","","","","","","","","","","",""
"4.A.2.b.5.I03","Schedule appointments.","14.9%","105","","","","","","","","","","","","","","","","","","","","","",""
"4.A.3.b.6.I10","Maintain sales or financial records.","14.9%","354","","","","","","","","","","","","","","","","","","","","","",""
"4.A.2.b.2.I14","Design industrial systems or equipment.","14.8%","50","","","","","","","","","","","","","","","","","","","","","",""
"4.A.4.a.3.I01","Present information in legal proceedings.","14.8%","54","","","","","","","","","","","","","","","","","","","","","",""
"4.A.3.b.4.I02","Maintain tools or equipment.","14.7%","366","","","","","","","","","","","","","","","","","","","","","",""
"4.A.3.b.6.I06","Prepare health or medical documents.","14.6%","125","","","","","","","","","","","","","","","","","","","","","",""
"4.A.3.a.2.I04","Assemble equipment or components.","14.5%","113","","","","","","","","","","","","","","","","","","","","","",""
"4.A.2.a.2.I05","Verify personal information.","14.4%","74","","","","","","","","","","","","","","","","","","","","","",""
"4.A.2.b.1.I10","Select materials or equipment for operations or projects.","14.4%","142","","","","","","","","","","","","","","","","","","","","","",""
"4.A.4.c.3.I02","Order medical tests or procedures.","14.3%","76","","","","","","","","","","","","","","","","","","","","","",""
"4.A.3.a.2.I40","Remove workpieces from production equipment.","14.2%","27","","","","","","","","","","","","","","","","","","","","","",""
"4.A.3.b.6.I11","Maintain health or medical records.","14.0%","536","","","","","","","","","","","","","","","","","","","","","",""
"4.A.3.a.3.I06","Operate industrial processing or production equipment.","14.0%","56","","","","","","","","","","","","","","","","","","","","","",""
"4.A.4.b.6.I10","Counsel others about personal matters.","13.9%","322","","","","","","","","","","","","","","","","","","","","","",""
"4.A.4.b.6.I01","Advise patients or clients on medical issues.","13.8%","85","","","","","","","","","","","","","","","","","","","","","",""
"4.A.4.c.3.I01","Replenish inventories of materials, equipment, or products.","13.8%","257","","","","","","","","","","","","","","","","","","","","","",""
"4.A.4.c.3.I05","Purchase goods or services.","13.6%","245","","","","","","","","","","","","","","","","","","","","","",""
"4.A.4.c.1.I03","Execute financial transactions.","13.6%","1292","","","","","","","","","","","","","","","","","","","","","",""
"4.A.4.a.2.I13","Confer with clients to determine needs or order specifications.","13.5%","137","","","","","","","","","","","","","","","","","","","","","",""
"4.A.3.b.4.I06","Repair tools or equipment.","13.5%","113","","","","","","","","","","","","","","","","","","","","","",""
"4.A.3.a.2.I42","Package objects.","13.3%","97","","","","","","","","","","","","","","","","","","","","","",""
"4.A.1.a.1.I03","Investigate criminal or legal matters.","13.1%","115","","","","","","","","","","","","","","","","","","","","","",""
"4.A.2.b.1.I06","Diagnose health conditions or disorders.","13.0%","39","","","","","","","","","","","","","","","","","","","","","",""
"4.A.2.a.2.I02","Sort materials or products.","12.9%","153","","","","","","","","","","","","","","","","","","","","","",""
"4.A.4.b.5.I02","Provide support or encouragement to others.","12.5%","166","","","","","","","","","","","","","","","","","","","","","",""
"4.A.3.a.2.I08","Arrange displays or decorations.","12.4%","229","","","","","","","","","","","","","","","","","","","","","",""
"4.A.1.b.2.I09","Examine people or animals to assess health conditions or physical characteristics.","12.3%","147","","","","","","","","","","","","","","","","","","","","","",""
"4.A.4.a.5.I01","Assist others to access additional services or resources.","12.3%","301","","","","","","","","","","","","","","","","","","","","","",""
"4.A.1.b.2.I07","Inspect commercial, industrial, or production systems or equipment.","12.2%","310","","","","","","","","","","","","","","","","","","","","","",""
"4.A.3.a.1.I17","Perform agricultural activities.","12.2%","56","","","","","","","","","","","","","","","","","","","","","",""
"4.A.1.b.2.I12","Test performance of equipment or systems.","12.1%","224","","","","","","","","","","","","","","","","","","","","","",""
"4.A.4.c.1.I05","Process shipments or mail.","11.9%","141","","","","","","","","","","","","","","","","","","","","","",""
"4.A.4.c.3.I04","Collect fares or payments.","11.8%","374","","","","","","","","","","","","","","","","","","","","","",""
"4.A.1.a.1.I23","Interview people to obtain information.","11.8%","266","","","","","","","","","","","","","","","","","","","","","",""
"4.A.3.a.2.I43","Install plumbing or piping equipment or systems.","11.8%","71","","","","","","","","","","","","","","","","","","","","","",""
"4.A.3.a.4.I01","Operate transportation equipment or vehicles.","11.6%","306","","","","","","","","","","","","","","","","","","","","","",""
"4.A.4.a.5.I10","Provide general assistance to others, such as customers, patrons, or motorists.","11.5%","766","","","","","","","","","","","","","","","","","","","","","",""
"4.A.1.b.2.I06","Inspect completed work or finished products.","11.4%","355","","","","","","","","","","","","","","","","","","","","","",""
"4.A.3.a.2.I01","Build structures.","11.0%","201","","","","","","","","","","","","","","","","","","","","","",""
"4.A.2.a.1.I01","Assess living, work, or social needs or status of individuals or communities.","11.0%","53","","","","","","","","","","","","","","","","","","","","","",""
"4.A.3.a.2.I06","Position workpieces or materials on equipment.","10.9%","98","","","","","","","","","","","","","","","","","","","","","",""
"4.A.3.a.1.I15","Provide food or beverage services.","10.8%","233","","","","","","","","","","","","","","","","","","","","","",""
"4.A.1.b.3.I02","Estimate project development or operational costs.","10.7%","86","","","","","","","","","","","","","","","","","","","","","",""
"4.A.2.a.2.I04","Reconcile financial data.","10.6%","327","","","","","","","","","","","","","","","","","","","","","",""
"4.A.3.a.1.I06","Load products, materials, or equipment for transportation or further processing.","10.5%","177","","","","","","","","","","","","","","","","","","","","","",""
"4.A.4.a.5.I11","Assist healthcare practitioners during medical procedures.","10.4%","350","","","","","","","","","","","","","","","","","","","","","",""
"4.A.4.a.5.I07","Administer emergency medical treatment.","10.0%","120","","","","","","","","","","","","","","","","","","","","","",""
"4.A.4.b.3.I06","Train others on health or medical topics.","9.8%","250","","","","","","","","","","","","","","","","","","","","","",""
"4.A.1.a.2.I05","Monitor health conditions of humans or animals.","9.8%","517","","","","","","","","","","","","","","","","","","","","","",""
"4.A.3.a.2.I47","Prepare specimens or materials for testing.","9.7%","23","","","","","","","","","","","","","","","","","","","","","",""
"4.A.4.a.5.I02","Administer therapeutic treatments.","9.7%","93","","","","","","","","","","","","","","","","","","","","","",""
"4.A.3.a.1.I16","Perform athletic activities for fitness, competition, or artistic purposes.","9.4%","35","","","","","","","","","","","","","","","","","","","","","",""
"4.A.3.a.2.I39","Apply materials to fill gaps or imperfections.","9.4%","31","","","","","","","","","","","","","","","","","","","","","",""
"4.A.3.b.4.I03","Repair electrical or electronic equipment.","9.2%","47","","","","","","","","","","","","","","","","","","","","","",""
"4.A.3.a.1.I08","Clean workpieces, finished products, or other objects.","9.1%","175","","","","","","","","","","","","","","","","","","","","","",""
"4.A.1.b.2.I05","Inspect facilities or equipment.","8.8%","250","","","","","","","","","","","","","","","","","","","","","",""
"4.A.3.a.1.I10","Move materials, equipment, or supplies.","8.5%","308","","","","","","","","","","","","","","","","","","","","","",""
"4.A.4.a.5.I03","Administer basic health care or medical treatments.","8.3%","578","","","","","","","","","","","","","","","","","","","","","",""
"4.A.3.a.2.I36","Assemble products or work aids.","8.2%","91","","","","","","","","","","","","","","","","","","","","","",""
"4.A.2.a.3.I01","Examine materials or documentation for accuracy or compliance.","7.9%","131","","","","","","","","","","","","","","","","","","","","","",""
"4.A.2.b.5.I01","Prepare schedules for services or facilities.","7.9%","48","","","","","","","","","","","","","","","","","","","","","",""
"4.A.3.a.2.I11","Prepare medical equipment or work areas for use.","7.9%","136","","","","","","","","","","","","","","","","","","","","","",""
"4.A.3.a.1.I01","Prepare mixtures or solutions.","7.9%","171","","","","","","","","","","","","","","","","","","","","","",""
"4.A.3.a.2.I18","Direct vehicle traffic.","7.7%","35","","","","","","","","","","","","","","","","","","","","","",""
"4.A.3.a.2.I05","Sew garments or materials.","7.4%","21","","","","","","","","","","","","","","","","","","","","","",""
"4.A.3.a.2.I33","Apply protective solutions or coatings.","7.4%","58","","","","","","","","","","","","","","","","","","","","","",""
"4.A.3.a.2.I34","Connect components or supply lines to equipment or tools.","7.4%","57","","","","","","","","","","","","","","","","","","","","","",""
"4.A.3.a.2.I37","Stock supplies or products.","7.3%","215","","","","","","","","","","","","","","","","","","","","","",""
"4.A.3.a.3.I12","Operate cutting or grinding equipment.","7.3%","33","","","","","","","","","","","","","","","","","","","","","",""
"4.A.4.a.5.I09","Assist individuals with special needs.","7.0%","587","","","","","","","","","","","","","","","","","","","","","",""
"4.A.3.a.3.I11","Operate agricultural or forestry equipment.","6.9%","63","","","","","","","","","","","","","","","","","","","","","",""
"4.A.4.a.2.I08","Notify others of emergencies or problems.","6.9%","280","","","","","","","","","","","","","","","","","","","","","",""
"4.A.3.a.2.I03","Prepare foods or beverages.","6.8%","654","","","","","","","","","","","","","","","","","","","","","",""
"4.A.4.a.5.I12","Treat injuries, illnesses, or diseases.","6.6%","151","","","","","","","","","","","","","","","","","","","","","",""
"4.A.4.a.5.I04","Care for plants or animals.","6.5%","57","","","","","","","","","","","","","","","","","","","","","",""
"4.A.3.a.1.I03","Clean tools, equipment, facilities, or work areas.","6.5%","1653","","","","","","","","","","","","","","","","","","","","","",""
"4.A.3.a.3.I08","Operate lifting or moving equipment.","6.2%","59","","","","","","","","","","","","","","","","","","","","","",""
"4.A.3.a.1.I07","Perform general construction or extraction activities.","6.0%","134","","","","","","","","","","","","","","","","","","","","","",""
"4.A.1.a.2.I07","Monitor safety or security of work areas, facilities, or properties.","5.8%","287","","","","","","","","","","","","","","","","","","","","","",""
"4.A.4.c.3.I06","Prescribe medical treatments or devices.","4.9%","62","","","","","","","","","","","","","","","","","","","","","",""
"4.A.3.a.1.I11","Maintain safety or security.","4.7%","321","","","","","","","","","","","","","","","","","","","","","",""
"4.A.3.a.2.I12","Cut materials.","4.5%","139","","","","","","","","","","","","","","","","","","","","","",""
"4.A.3.a.1.I05","Dispose of waste or debris.","4.5%","300","","","","","","","","","","","","","","","","","","","","","",""
"4.A.1.b.2.I01","Administer diagnostic tests to assess patient health.","4.4%","53","","","","","","","","","","","","","","","","","","","","","",""
"4.A.2.a.1.I06","Evaluate patient or client condition or treatment options.","4.2%","206","","","","","","","","","","","","","","","","","","","","","",""
"4.A.3.a.3.I01","Operate office equipment.","4.1%","109","","","","","","","","","","","","","","","","","","","","","",""
"4.A.3.a.3.I10","Operate communications equipment or systems.","3.6%","31","","","","","","","","","","","","","","","","","","","","","",""
"4.A.3.b.4.I09","Maintain medical equipment or instruments.","3.0%","37","","","","","","","","","","","","","","","","","","","","","",""
"4.A.3.a.2.I15","Smooth surfaces of objects or equipment.","2.9%","49","","","","","","","","","","","","","","","","","","","","","",""
"4.A.3.b.4.I08","Maintain vehicles in working condition.","2.7%","55","","","","","","","","","","","","","","","","","","","","","",""
"4.A.3.a.2.I38","Collect environmental or biological samples.","2.3%","39","","","","","","","","","","","","","","","","","","","","","",""
"4.A.4.a.5.I05","Intervene in crisis situations or emergencies.","2.3%","88","","","","","","","","","","","","","","","","","","","","","",""
"4.A.3.a.2.I35","Join parts using soldering, welding, or brazing techniques.","1.5%","35","","","","","","","","","","","","","","","","","","","","","",""
"4.A.3.a.2.I14","Cut trees or other vegetation.","1.2%","49","","","","","","","","","","","","","","","","","","","","","",""
"4.A.3.a.1.I12","Escort others.","1.1%","73","","","","","","","","","","","","","","","","","","","","","",""
"4.A.3.a.1.I09","Clean medical equipment or facilities.","0.4%","104","","","","","","","","","","","","","","","","","","","","","",""
"4.A.3.a.2.I24","Adjust medical equipment to ensure adequate performance.","","2","","","","","","","","","","","","","","","","","","","","","",""
"4.A.4.b.6.I03","Advise others on environmental sustainability or green practices.","","13","","","","","","","","","","","","","","","","","","","","","",""
"4.A.4.b.6.I09","Advise others on workplace health or safety issues.","","1","","","","","","","","","","","","","","","","","","","","","",""
"4.A.2.b.1.I11","Alter audio or video recordings.","","8","","","","","","","","","","","","","","","","","","","","","",""
"4.A.2.a.4.I01","Analyze environmental or geospatial data.","","7","","","","","","","","","","","","","","","","","","","","","",""
"4.A.3.a.2.I45","Apply decorative finishes.","","8","","","","","","","","","","","","","","","","","","","","","",""
"4.A.2.a.4.I09","Assess characteristics or impacts of regulations or policies.","","16","","","","","","","","","","","","","","","","","","","","","",""
"4.A.2.a.3.I02","Assess compliance with environmental standards or regulations.","","7","","","","","","","","","","","","","","","","","","","","","",""
"4.A.4.a.5.I08","Assist individuals with paperwork.","","5","","","","","","","","","","","","","","","","","","","","","",""
"4.A.4.a.2.I02","Assist scientists, scholars, or technical specialists with projects or research.","","15","","","","","","","","","","","","","","","","","","","","","",""
"4.A.3.a.1.I14","Climb equipment or structures.","","10","","","","","","","","","","","","","","","","","","","","","",""
"4.A.3.a.2.I02","Collect samples of products or materials.","","16","","","","","","","","","","","","","","","","","","","","","",""
"4.A.4.a.2.I01","Communicate environmental or sustainability information.","","6","","","","","","","","","","","","","","","","","","","","","",""
"4.A.4.a.8.I02","Conduct amusement or gaming activities.","","7","","","","","","","","","","","","","","","","","","","","","",""
"4.A.4.b.4.I11","Coordinate group, community, or public activities.","","15","","","","","","","","","","","","","","","","","","","","","",""
"4.A.4.b.4.I14","Coordinate regulatory compliance activities.","","5","","","","","","","","","","","","","","","","","","","","","",""
"4.A.2.b.2.I13","Design materials or devices.","","6","","","","","","","","","","","","","","","","","","","","","",""
"4.A.2.b.2.I11","Design structures or facilities.","","12","","","","","","","","","","","","","","","","","","","","","",""
"4.A.2.b.2.I09","Develop financial or business plans.","","15","","","","","","","","","","","","","","","","","","","","","",""
"4.A.2.b.2.I10","Develop health assessment methods or programs.","","3","","","","","","","","","","","","","","","","","","","","","",""
"4.A.2.b.2.I08","Develop plans for managing or preserving natural resources.","","3","","","","","","","","","","","","","","","","","","","","","",""
"4.A.2.b.2.I17","Develop public or community health programs.","","4","","","","","","","","","","","","","","","","","","","","","",""
"4.A.2.b.2.I23","Develop research plans or methodologies.","","15","","","","","","","","","","","","","","","","","","","","","",""
"4.A.2.b.2.I26","Develop scientific or mathematical theories or models.","","7","","","","","","","","","","","","","","","","","","","","","",""
"4.A.4.b.4.I15","Direct security or safety activities or operations.","","4","","","","","","","","","","","","","","","","","","","","","",""
"4.A.3.a.2.I30","Drill holes in earth or materials.","","18","","","","","","","","","","","","","","","","","","","","","",""
"4.A.3.a.2.I26","Embalm corpses.","","2","","","","","","","","","","","","","","","","","","","","","",""
"4.A.3.a.2.I25","Engrave objects.","","1","","","","","","","","","","","","","","","","","","","","","",""
"4.A.3.a.2.I27","Fabricate devices or components.","","13","","","","","","","","","","","","","","","","","","","","","",""
"4.A.4.a.5.I06","Fit assistive devices to patients or clients.","","2","","","","","","","","","","","","","","","","","","","","","",""
"4.A.1.a.1.I11","Gather information for news stories.","","3","","","","","","","","","","","","","","","","","","","","","",""
"4.A.3.a.2.I31","Groom or style hair.","","11","","","","","","","","","","","","","","","","","","","","","",""
"4.A.3.a.2.I44","Hunt animals.","","12","","","","","","","","","","","","","","","","","","","","","",""
"4.A.3.a.2.I16","Install energy or heating equipment.","","9","","","","","","","","","","","","","","","","","","","","","",""
"4.A.4.a.1.I03","Interpret language, cultural, or religious information for others.","","10","","","","","","","","","","","","","","","","","","","","","",""
"4.A.1.a.1.I15","Investigate individuals' background, behavior, or activities.","","3","","","","","","","","","","","","","","","","","","","","","",""
"4.A.1.a.1.I10","Investigate the environmental impact of industrial or development activities.","","6","","","","","","","","","","","","","","","","","","","","","",""
"4.A.4.c.1.I04","Issue documentation.","","12","","","","","","","","","","","","","","","","","","","","","",""
"4.A.3.b.4.I01","Maintain facilities or equipment.","","14","","","","","","","","","","","","","","","","","","","","","",""
"4.A.2.b.1.I05","Make legal decisions.","","1","","","","","","","","","","","","","","","","","","","","","",""
"4.A.4.b.4.I08","Manage control systems or activities.","","7","","","","","","","","","","","","","","","","","","","","","",""
"4.A.1.a.1.I07","Obtain information about goods or services.","","3","","","","","","","","","","","","","","","","","","","","","",""
"4.A.3.a.3.I07","Operate energy production or distribution equipment.","","10","","","","","","","","","","","","","","","","","","","","","",""
"4.A.3.a.3.I02","Operate pumping systems or equipment.","","19","","","","","","","","","","","","","","","","","","","","","",""
"4.A.2.b.6.I01","Plan events or programs.","","3","","","","","","","","","","","","","","","","","","","","","",""
"4.A.3.a.2.I13","Prepare industrial materials for processing or use.","","4","","","","","","","","","","","","","","","","","","","","","",""
"4.A.3.a.2.I29","Process animal carcasses.","","7","","","","","","","","","","","","","","","","","","","","","",""
"4.A.4.c.1.I06","Process forensic or legal evidence.","","9","","","","","","","","","","","","","","","","","","","","","",""
"4.A.3.a.1.I02","Protect people or property from threats such as fires or flooding.","","6","","","","","","","","","","","","","","","","","","","","","",""
"4.A.3.b.6.I05","Record images with photographic or audiovisual equipment.","","11","","","","","","","","","","","","","","","","","","","","","",""
"4.A.3.b.6.I04","Record information about environmental conditions.","","2","","","","","","","","","","","","","","","","","","","","","",""
"4.A.3.b.4.I07","Repair vehicle components.","","8","","","","","","","","","","","","","","","","","","","","","",""
"4.A.3.b.4.I05","Repair workpieces or products.","","13","","","","","","","","","","","","","","","","","","","","","",""
"4.A.1.a.1.I13","Research agricultural processes or practices.","","4","","","","","","","","","","","","","","","","","","","","","",""
"4.A.1.a.1.I16","Research biological or ecological phenomena.","","19","","","","","","","","","","","","","","","","","","","","","",""
"4.A.1.a.1.I19","Research healthcare issues.","","5","","","","","","","","","","","","","","","","","","","","","",""
"4.A.1.a.1.I18","Research historical or social issues.","","6","","","","","","","","","","","","","","","","","","","","","",""
"4.A.1.a.1.I08","Research issues related to earth sciences.","","1","","","","","","","","","","","","","","","","","","","","","",""
"4.A.4.b.4.I02","Serve on organizational committees.","","6","","","","","","","","","","","","","","","","","","","","","",""
"4.A.3.a.1.I04","Set up protective structures or coverings near work areas.","","16","","","","","","","","","","","","","","","","","","","","","",""
"4.A.3.a.2.I07","Shape materials to create products.","","8","","","","","","","","","","","","","","","","","","","","","",""
"4.A.4.b.4.I05","Supervise activities in correctional facilities.","","8","","","","","","","","","","","","","","","","","","","","","",""
"4.A.1.b.3.I05","Take physical measurements of patients or clients.","","5","","","","","","","","","","","","","","","","","","","","","",""
"4.A.4.b.3.I03","Teach safety procedures or standards to others.","","1","","","","","","","","","","","","","","","","","","","","","",""
"4.A.3.a.2.I10","Train animals.","","1","","","","","","","","","","","","","","","","","","","","","",""
"4.A.3.a.1.I13","Transport patients or clients.","","8","","","","","","","","","","","","","","","","","","","","","",""